{"cameraMode":{"drawMode":0,"name":"Shaded","section":"Shading Mode"},"sceneLighting":true,"audioPlay":false,"sceneViewState":{"m_AlwaysRefresh":false,"showFog":true,"showSkybox":true,"showFlares":true,"showImageEffects":true,"showParticleSystems":true,"showVisualEffectGraphs":true,"m_FxEnabled":true},"in2DMode":false,"pivot":{"x":1.4077471494674683,"y":1.3486253023147584,"z":0.4123119115829468},"rotation":{"x":0.16607949137687684,"y":-0.11450035870075226,"z":0.019419148564338685,"w":0.9792506098747253},"size":22.1472110748291,"orthographic":false}